frame,time_sec,vo_x,vo_y,vo_theta_deg,speed_kmh,steering_deg,action,alert_level,min_obs_dist,features
1,0.05,0.0,0.0,0.0,3,0.0,MAINTAIN COURSE (PATH CLEAR),NORMAL,99.0,0
2,0.1,0.0,0.0,0.0,3,0.0,MAINTAIN COURSE (PATH CLEAR),NORMAL,99.0,0
3,0.15,0.0,0.0,0.0,3,0.0,MAINTAIN COURSE (PATH CLEAR),NORMAL,99.0,0
4,0.2,0.0,0.0,0.0,3,0.0,MAINTAIN COURSE (PATH CLEAR),NORMAL,99.0,0
5,0.25,0.0,0.0,0.0,3,0.0,MAINTAIN COURSE (PATH CLEAR),NORMAL,99.0,0
6,0.3,0.0,0.0,0.0,3,0.0,MAINTAIN COURSE (PATH CLEAR),NORMAL,99.0,0
7,0.35,0.0,0.0,0.0,3,0.0,MAINTAIN COURSE (PATH CLEAR),NORMAL,99.0,0
8,0.4,0.0,0.0,-0.25,3,0.0,MAINTAIN COURSE (PATH CLEAR),NORMAL,99.0,0
9,0.45,0.0,0.0,0.17,3,0.0,MAINTAIN COURSE (PATH CLEAR),NORMAL,99.0,0
10,0.5,0.0,0.0,-4.41,3,0.0,MAINTAIN COURSE (PATH CLEAR),NORMAL,99.0,0
11,0.55,0.0,0.0,-4.95,3,0.0,MAINTAIN COURSE (PATH CLEAR),NORMAL,99.0,0
12,0.6,0.0,0.0,-5.11,3,0.0,MAINTAIN COURSE (PATH CLEAR),NORMAL,99.0,0
13,0.65,0.0,0.0,-4.72,3,0.0,MAINTAIN COURSE (PATH CLEAR),NORMAL,99.0,0
14,0.7,0.0,0.0,-4.84,3,0.0,MAINTAIN COURSE (PATH CLEAR),NORMAL,99.0,0
15,0.75,0.0,0.0,-0.26,3,0.0,MAINTAIN COURSE (PATH CLEAR),NORMAL,99.0,0
16,0.8,0.0,0.0,-4.84,3,0.0,MAINTAIN COURSE (PATH CLEAR),NORMAL,99.0,0
17,0.85,0.0,0.0,-0.26,3,0.0,MAINTAIN COURSE (PATH CLEAR),NORMAL,99.0,0
18,0.9,-0.0,0.65,-0.25,3,0.0,MAINTAIN COURSE (PATH CLEAR),NORMAL,99.0,0
19,0.95,-0.0,0.65,-2.25,3,0.0,MAINTAIN COURSE (PATH CLEAR),NORMAL,99.0,0
20,1.0,-0.0,0.65,-4.75,3,0.0,MAINTAIN COURSE (PATH CLEAR),NORMAL,99.0,0
21,1.05,-0.08,1.3,-9.34,3,0.0,MAINTAIN COURSE (PATH CLEAR),NORMAL,99.0,0
22,1.1,-0.08,1.3,-4.75,3,0.0,MAINTAIN COURSE (PATH CLEAR),NORMAL,99.0,0
23,1.15,-0.08,1.3,-0.17,3,0.0,MAINTAIN COURSE (PATH CLEAR),NORMAL,99.0,0
24,1.2,-0.08,1.95,-0.17,3,0.0,MAINTAIN COURSE (PATH CLEAR),NORMAL,99.0,0
25,1.25,-0.08,1.95,4.41,3,0.0,MAINTAIN COURSE (PATH CLEAR),NORMAL,99.0,0
26,1.3,-0.06,2.59,-0.17,3,0.0,MAINTAIN COURSE (PATH CLEAR),NORMAL,99.0,0
27,1.35,-0.06,2.59,-4.75,3,0.0,MAINTAIN COURSE (PATH CLEAR),NORMAL,99.0,0
28,1.4,-0.06,2.59,-4.83,3,0.0,MAINTAIN COURSE (PATH CLEAR),NORMAL,99.0,0
29,1.45,-0.12,3.24,-6.55,3,0.0,MAINTAIN COURSE (PATH CLEAR),NORMAL,99.0,0
30,1.5,-0.12,3.24,-7.27,3,0.0,MAINTAIN COURSE (PATH CLEAR),NORMAL,99.0,0
31,1.55,-0.21,3.89,-7.28,3,0.0,MAINTAIN COURSE (PATH CLEAR),NORMAL,99.0,0
32,1.6,-0.21,3.89,-7.38,3,0.0,MAINTAIN COURSE (PATH CLEAR),NORMAL,99.0,0
33,1.65,-0.29,4.53,-7.38,3,0.0,MAINTAIN COURSE (PATH CLEAR),NORMAL,99.0,0
34,1.7,-0.29,4.53,-7.5,3,0.0,MAINTAIN COURSE (PATH CLEAR),NORMAL,99.0,0
35,1.75,-0.29,4.53,-7.62,3,0.0,MAINTAIN COURSE (PATH CLEAR),NORMAL,99.0,0
36,1.8,-0.35,5.18,-3.04,3,0.0,MAINTAIN COURSE (PATH CLEAR),NORMAL,99.0,0
37,1.85,-0.35,5.18,-3.04,3,0.0,MAINTAIN COURSE (PATH CLEAR),NORMAL,99.0,0
38,1.9,-0.36,5.83,1.55,3,0.0,MAINTAIN COURSE (PATH CLEAR),NORMAL,99.0,0
39,1.95,-0.36,5.83,1.55,3,0.0,MAINTAIN COURSE (PATH CLEAR),NORMAL,99.0,0
40,2.0,-0.34,6.48,1.42,3,0.0,MAINTAIN COURSE (PATH CLEAR),NORMAL,99.0,0
41,2.05,-0.3,7.13,6.0,3,0.0,MAINTAIN COURSE (PATH CLEAR),NORMAL,99.0,0
42,2.1,-0.3,7.13,5.89,3,0.0,MAINTAIN COURSE (PATH CLEAR),NORMAL,99.0,0
43,2.15,-0.23,7.77,5.76,3,0.0,MAINTAIN COURSE (PATH CLEAR),NORMAL,99.0,0
44,2.2,-0.23,7.77,5.76,3,0.0,MAINTAIN COURSE (PATH CLEAR),NORMAL,99.0,0
45,2.25,-0.17,8.42,6.12,3,0.0,MAINTAIN COURSE (PATH CLEAR),NORMAL,99.0,0
46,2.3,-0.17,8.42,5.99,3,0.0,MAINTAIN COURSE (PATH CLEAR),NORMAL,99.0,0
47,2.35,-0.1,9.07,5.9,3,0.0,MAINTAIN COURSE (PATH CLEAR),NORMAL,99.0,0
48,2.4,-0.03,9.71,5.89,3,0.0,MAINTAIN COURSE (PATH CLEAR),NORMAL,99.0,0
49,2.45,-0.03,9.71,5.77,3,0.0,MAINTAIN COURSE (PATH CLEAR),NORMAL,99.0,0
50,2.5,-0.03,9.71,5.81,3,0.0,MAINTAIN COURSE (PATH CLEAR),NORMAL,99.0,0
51,2.55,-0.03,9.71,5.82,3,0.0,MAINTAIN COURSE (PATH CLEAR),NORMAL,99.0,0
52,2.6,-0.03,9.71,1.24,3,0.0,MAINTAIN COURSE (PATH CLEAR),NORMAL,99.0,0
53,2.65,-0.03,9.71,-3.35,3,0.0,MAINTAIN COURSE (PATH CLEAR),NORMAL,99.0,0
54,2.7,-0.03,9.71,-3.35,3,0.0,MAINTAIN COURSE (PATH CLEAR),NORMAL,99.0,0
55,2.75,-0.03,9.71,-3.49,3,0.0,MAINTAIN COURSE (PATH CLEAR),NORMAL,99.0,0
56,2.8,-0.03,9.71,-3.34,3,0.0,MAINTAIN COURSE (PATH CLEAR),NORMAL,99.0,0
57,2.85,-0.03,9.71,-3.35,3,0.0,MAINTAIN COURSE (PATH CLEAR),NORMAL,99.0,0
58,2.9,-0.03,9.71,-3.49,3,0.0,MAINTAIN COURSE (PATH CLEAR),NORMAL,99.0,0
59,2.95,-0.03,9.71,1.09,3,0.0,MAINTAIN COURSE (PATH CLEAR),NORMAL,99.0,0
60,3.0,-0.03,9.71,4.09,3,0.0,MAINTAIN COURSE (PATH CLEAR),NORMAL,99.0,0
61,3.05,-0.03,9.71,4.12,3,0.0,MAINTAIN COURSE (PATH CLEAR),NORMAL,99.0,0
62,3.1,-0.03,9.71,4.11,3,0.0,MAINTAIN COURSE (PATH CLEAR),NORMAL,99.0,0
63,3.15,-0.03,9.71,8.7,3,0.0,MAINTAIN COURSE (PATH CLEAR),NORMAL,99.0,0
64,3.2,-0.03,9.71,8.36,3,0.0,MAINTAIN COURSE (PATH CLEAR),NORMAL,99.0,0
65,3.25,-0.03,9.71,8.23,3,0.0,MAINTAIN COURSE (PATH CLEAR),NORMAL,99.0,0
66,3.3,-0.03,9.71,11.42,3,0.0,MAINTAIN COURSE (PATH CLEAR),NORMAL,99.0,0
67,3.35,-0.03,9.71,11.34,3,0.0,MAINTAIN COURSE (PATH CLEAR),NORMAL,99.0,0
68,3.4,-0.03,9.71,6.76,3,0.0,MAINTAIN COURSE (PATH CLEAR),NORMAL,99.0,0
69,3.45,-0.03,9.71,6.73,3,0.0,MAINTAIN COURSE (PATH CLEAR),NORMAL,99.0,0
70,3.5,-0.03,9.71,6.61,3,0.0,MAINTAIN COURSE (PATH CLEAR),NORMAL,99.0,0
71,3.55,-0.03,9.71,6.66,3,0.0,MAINTAIN COURSE (PATH CLEAR),NORMAL,99.0,0
72,3.6,-0.03,9.71,6.53,3,0.0,MAINTAIN COURSE (PATH CLEAR),NORMAL,99.0,0
73,3.65,-0.03,9.71,6.51,3,0.0,MAINTAIN COURSE (PATH CLEAR),NORMAL,99.0,0
74,3.7,-0.03,9.71,6.4,3,0.0,MAINTAIN COURSE (PATH CLEAR),NORMAL,99.0,0
75,3.75,-0.03,9.71,6.37,3,0.0,MAINTAIN COURSE (PATH CLEAR),NORMAL,99.0,0
76,3.8,-0.03,9.71,6.31,3,0.0,MAINTAIN COURSE (PATH CLEAR),NORMAL,99.0,0
77,3.85,-0.03,9.71,6.27,3,0.0,MAINTAIN COURSE (PATH CLEAR),NORMAL,99.0,0
78,3.9,-0.03,9.71,10.86,3,0.0,MAINTAIN COURSE (PATH CLEAR),NORMAL,99.0,0
79,3.95,-0.03,9.71,10.74,3,0.0,MAINTAIN COURSE (PATH CLEAR),NORMAL,99.0,0
80,4.0,-0.03,9.71,10.86,3,0.0,MAINTAIN COURSE (PATH CLEAR),NORMAL,99.0,0
81,4.05,-0.03,9.71,10.73,3,0.0,MAINTAIN COURSE (PATH CLEAR),NORMAL,99.0,0
82,4.1,-0.03,9.71,10.73,3,0.0,MAINTAIN COURSE (PATH CLEAR),NORMAL,99.0,0
83,4.15,-0.03,9.71,10.61,3,0.0,MAINTAIN COURSE (PATH CLEAR),NORMAL,99.0,0
84,4.2,-0.03,9.71,15.19,3,0.0,MAINTAIN COURSE (PATH CLEAR),NORMAL,99.0,0
85,4.25,-0.03,9.71,15.12,3,0.0,MAINTAIN COURSE (PATH CLEAR),NORMAL,99.0,0
86,4.3,-0.03,9.71,15.1,3,0.0,MAINTAIN COURSE (PATH CLEAR),NORMAL,99.0,0
87,4.35,-0.03,9.71,14.98,3,0.0,MAINTAIN COURSE (PATH CLEAR),NORMAL,99.0,0
88,4.4,-0.03,9.71,14.92,3,0.0,MAINTAIN COURSE (PATH CLEAR),NORMAL,99.0,0
89,4.45,-0.03,9.71,14.8,3,0.0,MAINTAIN COURSE (PATH CLEAR),NORMAL,99.0,0
90,4.5,-0.03,9.71,14.89,3,0.0,MAINTAIN COURSE (PATH CLEAR),NORMAL,99.0,0
91,4.55,-0.03,9.71,14.77,3,0.0,MAINTAIN COURSE (PATH CLEAR),NORMAL,99.0,0
92,4.6,-0.03,9.71,18.27,3,0.0,MAINTAIN COURSE (PATH CLEAR),NORMAL,99.0,0
93,4.65,-0.03,9.71,18.24,3,0.0,MAINTAIN COURSE (PATH CLEAR),NORMAL,99.0,0
94,4.7,-0.03,9.71,18.24,3,0.0,MAINTAIN COURSE (PATH CLEAR),NORMAL,99.0,0
95,4.75,-0.03,9.71,18.11,3,0.0,MAINTAIN COURSE (PATH CLEAR),NORMAL,99.0,0
96,4.8,-0.03,9.71,18.09,3,0.0,MAINTAIN COURSE (PATH CLEAR),NORMAL,99.0,0
97,4.85,-0.03,9.71,22.67,3,0.0,MAINTAIN COURSE (PATH CLEAR),NORMAL,99.0,0
98,4.9,-0.03,9.71,22.52,3,0.0,MAINTAIN COURSE (PATH CLEAR),NORMAL,99.0,0
99,4.95,-0.03,9.71,22.66,3,0.0,MAINTAIN COURSE (PATH CLEAR),NORMAL,99.0,0
100,5.0,-0.03,9.71,22.66,3,0.0,MAINTAIN COURSE (PATH CLEAR),NORMAL,99.0,0
101,5.05,-0.03,9.71,22.66,3,0.0,MAINTAIN COURSE (PATH CLEAR),NORMAL,99.0,0
102,5.1,-0.03,9.71,22.66,3,0.0,MAINTAIN COURSE (PATH CLEAR),NORMAL,99.0,0
103,5.15,-0.03,9.71,22.65,3,0.0,MAINTAIN COURSE (PATH CLEAR),NORMAL,99.0,0
104,5.2,-0.03,9.71,22.54,3,0.0,MAINTAIN COURSE (PATH CLEAR),NORMAL,99.0,0
105,5.25,-0.03,9.71,22.44,3,0.0,MAINTAIN COURSE (PATH CLEAR),NORMAL,99.0,0
106,5.3,-0.03,9.71,27.02,3,0.0,MAINTAIN COURSE (PATH CLEAR),NORMAL,99.0,0
107,5.35,-0.03,9.71,26.9,3,0.0,MAINTAIN COURSE (PATH CLEAR),NORMAL,99.0,0
108,5.4,-0.03,9.71,27.02,3,0.0,MAINTAIN COURSE (PATH CLEAR),NORMAL,99.0,0
109,5.45,-0.03,9.71,27.02,3,0.0,MAINTAIN COURSE (PATH CLEAR),NORMAL,99.0,0
110,5.5,-0.03,9.71,22.43,3,0.0,MAINTAIN COURSE (PATH CLEAR),NORMAL,99.0,0
111,5.55,-0.03,9.71,22.44,3,0.0,MAINTAIN COURSE (PATH CLEAR),NORMAL,99.0,0
112,5.6,-0.03,9.71,22.31,3,0.0,MAINTAIN COURSE (PATH CLEAR),NORMAL,99.0,0
113,5.65,-0.03,9.71,22.19,3,0.0,MAINTAIN COURSE (PATH CLEAR),NORMAL,99.0,0
114,5.7,-0.03,9.71,22.2,3,0.0,MAINTAIN COURSE (PATH CLEAR),NORMAL,99.0,0
115,5.75,-0.03,9.71,22.27,3,0.0,MAINTAIN COURSE (PATH CLEAR),NORMAL,99.0,0
116,5.8,-0.03,9.71,20.43,3,0.0,MAINTAIN COURSE (PATH CLEAR),NORMAL,99.0,0
117,5.85,-0.03,9.71,20.45,3,0.0,MAINTAIN COURSE (PATH CLEAR),NORMAL,99.0,0
118,5.9,-0.03,9.71,19.88,3,0.0,MAINTAIN COURSE (PATH CLEAR),NORMAL,99.0,0
119,5.95,-0.03,9.71,20.05,3,0.0,MAINTAIN COURSE (PATH CLEAR),NORMAL,99.0,0
120,6.0,-0.03,9.71,15.47,3,0.0,MAINTAIN COURSE (PATH CLEAR),NORMAL,99.0,0
121,6.05,-0.03,9.71,20.05,3,0.0,MAINTAIN COURSE (PATH CLEAR),NORMAL,99.0,0
122,6.1,-0.03,9.71,21.24,3,0.0,MAINTAIN COURSE (PATH CLEAR),NORMAL,99.0,0
123,6.15,-0.03,9.71,16.66,3,0.0,MAINTAIN COURSE (PATH CLEAR),NORMAL,99.0,0
124,6.2,-0.03,9.71,12.08,3,0.0,MAINTAIN COURSE (PATH CLEAR),NORMAL,99.0,0
125,6.25,-0.03,9.71,7.96,3,0.0,MAINTAIN COURSE (PATH CLEAR),NORMAL,99.0,0
126,6.3,-0.03,9.71,8.73,3,0.0,MAINTAIN COURSE (PATH CLEAR),NORMAL,99.0,0
127,6.35,-0.03,9.71,8.72,3,0.0,MAINTAIN COURSE (PATH CLEAR),NORMAL,99.0,0
128,6.4,-0.03,9.71,8.7,3,0.0,MAINTAIN COURSE (PATH CLEAR),NORMAL,99.0,0
129,6.45,-0.03,9.71,13.29,3,0.0,MAINTAIN COURSE (PATH CLEAR),NORMAL,99.0,0
130,6.5,-0.03,9.71,13.18,3,0.0,MAINTAIN COURSE (PATH CLEAR),NORMAL,99.0,0
131,6.55,-0.03,9.71,13.17,3,0.0,MAINTAIN COURSE (PATH CLEAR),NORMAL,99.0,0
132,6.6,-0.03,9.71,12.98,3,0.0,MAINTAIN COURSE (PATH CLEAR),NORMAL,99.0,0
133,6.65,-0.03,9.71,17.56,3,0.0,MAINTAIN COURSE (PATH CLEAR),NORMAL,99.0,0
134,6.7,-0.03,9.71,22.14,3,0.0,MAINTAIN COURSE (PATH CLEAR),NORMAL,99.0,0
135,6.75,-0.03,9.71,22.03,3,0.0,MAINTAIN COURSE (PATH CLEAR),NORMAL,99.0,0
136,6.8,-0.03,9.71,21.9,3,0.0,MAINTAIN COURSE (PATH CLEAR),NORMAL,99.0,0
137,6.85,-0.03,9.71,21.92,3,0.0,MAINTAIN COURSE (PATH CLEAR),NORMAL,99.0,0
138,6.9,-0.03,9.71,21.78,3,0.0,MAINTAIN COURSE (PATH CLEAR),NORMAL,99.0,0
139,6.95,-0.03,9.71,21.73,3,0.0,MAINTAIN COURSE (PATH CLEAR),NORMAL,99.0,0
140,7.0,-0.03,9.71,21.61,3,0.0,MAINTAIN COURSE (PATH CLEAR),NORMAL,99.0,0
141,7.05,-0.03,9.71,21.49,3,0.0,MAINTAIN COURSE (PATH CLEAR),NORMAL,99.0,0
142,7.1,-0.03,9.71,21.37,3,0.0,MAINTAIN COURSE (PATH CLEAR),NORMAL,99.0,0
143,7.15,-0.03,9.71,21.34,3,0.0,MAINTAIN COURSE (PATH CLEAR),NORMAL,99.0,0
144,7.2,-0.03,9.71,21.23,3,0.0,MAINTAIN COURSE (PATH CLEAR),NORMAL,99.0,0
145,7.25,-0.03,9.71,21.11,3,0.0,MAINTAIN COURSE (PATH CLEAR),NORMAL,99.0,0
146,7.3,-0.03,9.71,20.95,3,0.0,MAINTAIN COURSE (PATH CLEAR),NORMAL,99.0,0
147,7.35,-0.03,9.71,20.95,3,0.0,MAINTAIN COURSE (PATH CLEAR),NORMAL,99.0,0
148,7.4,-0.03,9.71,20.82,3,0.0,MAINTAIN COURSE (PATH CLEAR),NORMAL,99.0,0
149,7.45,-0.03,9.71,20.81,3,0.0,MAINTAIN COURSE (PATH CLEAR),NORMAL,99.0,0
150,7.5,-0.03,9.71,20.68,3,0.0,MAINTAIN COURSE (PATH CLEAR),NORMAL,99.0,0
151,7.55,-0.03,9.71,20.74,3,0.0,MAINTAIN COURSE (PATH CLEAR),NORMAL,99.0,0
152,7.6,0.2,10.32,20.74,3,0.0,MAINTAIN COURSE (PATH CLEAR),NORMAL,99.0,0
153,7.65,0.35,10.77,16.16,3,0.0,MAINTAIN COURSE (PATH CLEAR),NORMAL,99.0,0
154,7.7,0.5,11.3,15.66,3,0.0,MAINTAIN COURSE (PATH CLEAR),NORMAL,99.0,0
155,7.75,0.62,11.75,15.48,3,0.0,MAINTAIN COURSE (PATH CLEAR),NORMAL,99.0,0
156,7.8,0.62,11.75,15.73,3,0.0,MAINTAIN COURSE (PATH CLEAR),NORMAL,99.0,0
157,7.85,0.8,12.38,15.78,3,0.0,MAINTAIN COURSE (PATH CLEAR),NORMAL,99.0,0
158,7.9,0.98,13.0,15.87,3,0.0,MAINTAIN COURSE (PATH CLEAR),NORMAL,99.0,0
159,7.95,1.12,13.51,15.8,3,0.0,MAINTAIN COURSE (PATH CLEAR),NORMAL,99.0,0
160,8.0,1.23,13.9,15.72,3,0.0,MAINTAIN COURSE (PATH CLEAR),NORMAL,99.0,0
161,8.05,1.41,14.52,16.09,3,0.0,MAINTAIN COURSE (PATH CLEAR),NORMAL,99.0,0
162,8.1,1.59,15.15,16.35,3,0.0,MAINTAIN COURSE (PATH CLEAR),NORMAL,99.0,0
163,8.15,1.77,15.77,16.15,3,0.0,MAINTAIN COURSE (PATH CLEAR),NORMAL,99.0,0
164,8.2,1.95,16.4,16.22,3,0.0,MAINTAIN COURSE (PATH CLEAR),NORMAL,99.0,0
165,8.25,2.11,17.03,11.63,3,0.0,MAINTAIN COURSE (PATH CLEAR),NORMAL,99.0,0
166,8.3,2.24,17.66,12.06,3,0.0,MAINTAIN COURSE (PATH CLEAR),NORMAL,99.0,0
167,8.35,2.24,17.66,11.58,3,0.0,MAINTAIN COURSE (PATH CLEAR),NORMAL,99.0,0
168,8.4,2.33,18.09,11.71,3,0.0,MAINTAIN COURSE (PATH CLEAR),NORMAL,99.0,0
169,8.45,2.33,18.09,11.87,3,0.0,MAINTAIN COURSE (PATH CLEAR),NORMAL,99.0,0
170,8.5,2.33,18.09,12.21,3,0.0,MAINTAIN COURSE (PATH CLEAR),NORMAL,99.0,0
171,8.55,2.33,18.09,12.28,3,0.0,MAINTAIN COURSE (PATH CLEAR),NORMAL,99.0,0
172,8.6,2.33,18.09,12.14,3,0.0,MAINTAIN COURSE (PATH CLEAR),NORMAL,99.0,0
173,8.65,2.33,18.09,7.55,3,0.0,MAINTAIN COURSE (PATH CLEAR),NORMAL,99.0,0
174,8.7,2.33,18.09,7.6,3,0.0,MAINTAIN COURSE (PATH CLEAR),NORMAL,99.0,0
175,8.75,2.33,18.09,9.93,3,0.0,MAINTAIN COURSE (PATH CLEAR),NORMAL,99.0,0
176,8.8,2.42,18.59,11.0,3,0.0,MAINTAIN COURSE (PATH CLEAR),NORMAL,99.0,0
177,8.85,2.55,19.23,10.88,3,0.0,MAINTAIN COURSE (PATH CLEAR),NORMAL,99.0,0
178,8.9,2.55,19.23,6.29,3,0.0,MAINTAIN COURSE (PATH CLEAR),NORMAL,99.0,0
179,8.95,2.62,19.87,6.56,3,0.0,MAINTAIN COURSE (PATH CLEAR),NORMAL,99.0,0
180,9.0,2.62,19.87,6.21,3,0.0,MAINTAIN COURSE (PATH CLEAR),NORMAL,99.0,0
181,9.05,2.62,19.87,5.8,3,0.0,MAINTAIN COURSE (PATH CLEAR),NORMAL,99.0,0
182,9.1,2.62,19.87,6.38,3,0.0,MAINTAIN COURSE (PATH CLEAR),NORMAL,99.0,0
183,9.15,2.62,19.87,10.96,3,0.0,MAINTAIN COURSE (PATH CLEAR),NORMAL,99.0,0
184,9.2,2.62,19.87,8.11,3,0.0,MAINTAIN COURSE (PATH CLEAR),NORMAL,99.0,0
185,9.25,2.62,19.87,8.18,3,0.0,MAINTAIN COURSE (PATH CLEAR),NORMAL,99.0,0
186,9.3,2.62,19.87,7.89,3,0.0,MAINTAIN COURSE (PATH CLEAR),NORMAL,99.0,0
187,9.35,2.62,19.87,8.24,3,0.0,MAINTAIN COURSE (PATH CLEAR),NORMAL,99.0,0
188,9.4,2.62,19.87,8.2,3,0.0,MAINTAIN COURSE (PATH CLEAR),NORMAL,99.0,0
189,9.45,2.62,19.87,3.61,3,0.0,MAINTAIN COURSE (PATH CLEAR),NORMAL,99.0,0
190,9.5,2.62,19.87,3.47,3,0.0,MAINTAIN COURSE (PATH CLEAR),NORMAL,99.0,0
191,9.55,2.62,19.87,8.05,3,0.0,MAINTAIN COURSE (PATH CLEAR),NORMAL,99.0,0
192,9.6,2.62,19.87,12.64,3,0.0,MAINTAIN COURSE (PATH CLEAR),NORMAL,99.0,0
193,9.65,2.62,19.87,11.99,3,0.0,MAINTAIN COURSE (PATH CLEAR),NORMAL,99.0,0
194,9.7,2.62,19.87,11.58,3,0.0,MAINTAIN COURSE (PATH CLEAR),NORMAL,99.0,0
195,9.75,2.62,19.87,11.3,3,0.0,MAINTAIN COURSE (PATH CLEAR),NORMAL,99.0,0
196,9.8,2.62,19.87,11.78,3,0.0,MAINTAIN COURSE (PATH CLEAR),NORMAL,99.0,0
197,9.85,2.72,20.36,11.73,3,0.0,MAINTAIN COURSE (PATH CLEAR),NORMAL,99.0,0
198,9.9,2.84,20.95,11.86,3,0.0,MAINTAIN COURSE (PATH CLEAR),NORMAL,99.0,0
199,9.95,2.98,21.58,11.94,3,0.0,MAINTAIN COURSE (PATH CLEAR),NORMAL,99.0,0
200,10.0,3.12,22.22,12.61,3,0.0,MAINTAIN COURSE (PATH CLEAR),NORMAL,99.0,0
201,10.05,3.26,22.85,12.66,3,0.0,MAINTAIN COURSE (PATH CLEAR),NORMAL,99.0,0
202,10.1,3.26,22.85,12.28,3,0.0,MAINTAIN COURSE (PATH CLEAR),NORMAL,99.0,0
203,10.15,3.36,23.34,12.17,3,0.0,MAINTAIN COURSE (PATH CLEAR),NORMAL,99.0,0
204,10.2,3.36,23.34,12.32,3,0.0,MAINTAIN COURSE (PATH CLEAR),NORMAL,99.0,0
205,10.25,3.36,23.34,12.6,3,0.0,MAINTAIN COURSE (PATH CLEAR),NORMAL,99.0,0
206,10.3,3.36,23.34,12.93,3,0.0,MAINTAIN COURSE (PATH CLEAR),NORMAL,99.0,0
207,10.35,3.36,23.34,12.76,3,0.0,MAINTAIN COURSE (PATH CLEAR),NORMAL,99.0,0
208,10.4,3.36,23.34,8.32,3,0.0,MAINTAIN COURSE (PATH CLEAR),NORMAL,99.0,0
209,10.45,3.36,23.34,8.17,3,0.0,MAINTAIN COURSE (PATH CLEAR),NORMAL,99.0,0
210,10.5,3.36,23.34,8.6,3,0.0,MAINTAIN COURSE (PATH CLEAR),NORMAL,99.0,0
211,10.55,3.36,23.34,8.7,3,0.0,MAINTAIN COURSE (PATH CLEAR),NORMAL,99.0,0
212,10.6,3.36,23.34,8.23,3,0.0,MAINTAIN COURSE (PATH CLEAR),NORMAL,99.0,0
213,10.65,3.36,23.34,8.59,3,0.0,MAINTAIN COURSE (PATH CLEAR),NORMAL,99.0,0
214,10.7,3.36,23.34,4.0,3,0.0,MAINTAIN COURSE (PATH CLEAR),NORMAL,99.0,0
215,10.75,3.36,23.34,3.6,3,0.0,MAINTAIN COURSE (PATH CLEAR),NORMAL,99.0,0
216,10.8,3.36,23.34,-0.99,3,0.0,MAINTAIN COURSE (PATH CLEAR),NORMAL,99.0,0
217,10.85,3.36,23.34,-0.84,3,0.0,MAINTAIN COURSE (PATH CLEAR),NORMAL,99.0,0
218,10.9,3.36,23.34,-0.5,3,0.0,MAINTAIN COURSE (PATH CLEAR),NORMAL,99.0,0
219,10.95,3.36,23.34,4.09,3,0.0,MAINTAIN COURSE (PATH CLEAR),NORMAL,99.0,0
220,11.0,3.36,23.34,5.03,3,0.0,MAINTAIN COURSE (PATH CLEAR),NORMAL,99.0,0
221,11.05,3.36,23.34,4.79,3,0.0,MAINTAIN COURSE (PATH CLEAR),NORMAL,99.0,0
222,11.1,3.36,23.34,4.27,3,0.0,MAINTAIN COURSE (PATH CLEAR),NORMAL,99.0,0
223,11.15,3.36,23.34,3.37,3,0.0,MAINTAIN COURSE (PATH CLEAR),NORMAL,99.0,0
224,11.2,3.36,23.34,-1.21,3,0.0,MAINTAIN COURSE (PATH CLEAR),NORMAL,99.0,0
225,11.25,3.36,23.34,-1.2,3,0.0,MAINTAIN COURSE (PATH CLEAR),NORMAL,99.0,0
226,11.3,3.36,23.34,-0.71,3,0.0,MAINTAIN COURSE (PATH CLEAR),NORMAL,99.0,0
227,11.35,3.36,23.34,3.87,3,0.0,MAINTAIN COURSE (PATH CLEAR),NORMAL,99.0,0
228,11.4,3.36,23.34,4.21,3,0.0,MAINTAIN COURSE (PATH CLEAR),NORMAL,99.0,0
229,11.45,3.36,23.34,4.9,3,0.0,MAINTAIN COURSE (PATH CLEAR),NORMAL,99.0,0
230,11.5,3.36,23.34,9.3,3,0.0,MAINTAIN COURSE (PATH CLEAR),NORMAL,99.0,0
231,11.55,3.36,23.34,5.34,3,0.0,MAINTAIN COURSE (PATH CLEAR),NORMAL,99.0,0
232,11.6,3.36,23.34,3.05,3,0.0,MAINTAIN COURSE (PATH CLEAR),NORMAL,99.0,0
233,11.65,3.36,23.34,7.63,3,0.0,MAINTAIN COURSE (PATH CLEAR),NORMAL,99.0,0
234,11.7,3.36,23.34,7.67,3,0.0,MAINTAIN COURSE (PATH CLEAR),NORMAL,99.0,0
235,11.75,3.36,23.34,12.25,3,0.0,MAINTAIN COURSE (PATH CLEAR),NORMAL,99.0,0
236,11.8,3.36,23.34,12.24,3,0.0,MAINTAIN COURSE (PATH CLEAR),NORMAL,99.0,0
237,11.85,3.36,23.34,11.46,3,0.0,MAINTAIN COURSE (PATH CLEAR),NORMAL,99.0,0
238,11.9,3.36,23.34,11.88,3,0.0,MAINTAIN COURSE (PATH CLEAR),NORMAL,99.0,0
239,11.95,3.36,23.34,11.7,3,0.0,MAINTAIN COURSE (PATH CLEAR),NORMAL,99.0,0
240,12.0,3.36,23.34,11.37,3,0.0,MAINTAIN COURSE (PATH CLEAR),NORMAL,99.0,0
241,12.05,3.36,23.34,11.71,3,0.0,MAINTAIN COURSE (PATH CLEAR),NORMAL,99.0,0
242,12.1,3.36,23.34,11.84,3,0.0,MAINTAIN COURSE (PATH CLEAR),NORMAL,99.0,0
243,12.15,3.36,23.34,16.43,3,0.0,MAINTAIN COURSE (PATH CLEAR),NORMAL,99.0,0
244,12.2,3.36,23.34,16.8,3,0.0,MAINTAIN COURSE (PATH CLEAR),NORMAL,99.0,0
245,12.25,3.36,23.34,16.97,3,0.0,MAINTAIN COURSE (PATH CLEAR),NORMAL,99.0,0
246,12.3,3.36,23.34,16.72,3,0.0,MAINTAIN COURSE (PATH CLEAR),NORMAL,99.0,0
247,12.35,3.36,23.34,16.57,3,0.0,MAINTAIN COURSE (PATH CLEAR),NORMAL,99.0,0
248,12.4,3.36,23.34,15.86,3,0.0,MAINTAIN COURSE (PATH CLEAR),NORMAL,99.0,0
249,12.45,3.36,23.34,15.8,3,0.0,MAINTAIN COURSE (PATH CLEAR),NORMAL,99.0,0
250,12.5,3.36,23.34,15.69,3,0.0,MAINTAIN COURSE (PATH CLEAR),NORMAL,99.0,0
251,12.55,3.36,23.34,11.1,3,0.0,MAINTAIN COURSE (PATH CLEAR),NORMAL,99.0,0
252,12.6,3.36,23.34,6.52,3,0.0,MAINTAIN COURSE (PATH CLEAR),NORMAL,99.0,0
253,12.65,3.36,23.34,11.1,3,0.0,MAINTAIN COURSE (PATH CLEAR),NORMAL,99.0,0
254,12.7,3.36,23.34,10.87,3,0.0,MAINTAIN COURSE (PATH CLEAR),NORMAL,99.0,0
255,12.75,3.36,23.34,11.06,3,0.0,MAINTAIN COURSE (PATH CLEAR),NORMAL,99.0,0
256,12.8,3.36,23.34,12.59,3,0.0,MAINTAIN COURSE (PATH CLEAR),NORMAL,99.0,0
257,12.85,3.36,23.34,12.44,3,0.0,MAINTAIN COURSE (PATH CLEAR),NORMAL,99.0,0
258,12.9,3.36,23.34,12.34,3,0.0,MAINTAIN COURSE (PATH CLEAR),NORMAL,99.0,0
259,12.95,3.36,23.34,16.93,3,0.0,MAINTAIN COURSE (PATH CLEAR),NORMAL,99.0,0
260,13.0,3.36,23.34,16.9,3,0.0,MAINTAIN COURSE (PATH CLEAR),NORMAL,99.0,0
261,13.05,3.36,23.34,16.74,3,0.0,MAINTAIN COURSE (PATH CLEAR),NORMAL,99.0,0
262,13.1,3.36,23.34,18.94,3,0.0,MAINTAIN COURSE (PATH CLEAR),NORMAL,99.0,0
263,13.15,3.36,23.34,18.42,3,0.0,MAINTAIN COURSE (PATH CLEAR),NORMAL,99.0,0
264,13.2,3.36,23.34,18.72,3,0.0,MAINTAIN COURSE (PATH CLEAR),NORMAL,99.0,0
265,13.25,3.36,23.34,18.88,3,0.0,MAINTAIN COURSE (PATH CLEAR),NORMAL,99.0,0
266,13.3,3.36,23.34,19.12,3,0.0,MAINTAIN COURSE (PATH CLEAR),NORMAL,99.0,0
267,13.35,3.36,23.34,19.06,3,0.0,MAINTAIN COURSE (PATH CLEAR),NORMAL,99.0,0
268,13.4,3.36,23.34,19.13,3,0.0,MAINTAIN COURSE (PATH CLEAR),NORMAL,99.0,0
269,13.45,3.36,23.34,19.5,3,0.0,MAINTAIN COURSE (PATH CLEAR),NORMAL,99.0,0
270,13.5,3.36,23.34,19.49,3,0.0,MAINTAIN COURSE (PATH CLEAR),NORMAL,99.0,0
271,13.55,3.36,23.34,18.94,3,0.0,MAINTAIN COURSE (PATH CLEAR),NORMAL,99.0,0
272,13.6,3.36,23.34,18.85,3,0.0,MAINTAIN COURSE (PATH CLEAR),NORMAL,99.0,0
273,13.65,3.36,23.34,19.34,3,0.0,MAINTAIN COURSE (PATH CLEAR),NORMAL,99.0,0
274,13.7,3.36,23.34,19.61,3,0.0,MAINTAIN COURSE (PATH CLEAR),NORMAL,99.0,0
275,13.75,3.36,23.34,15.02,3,0.0,MAINTAIN COURSE (PATH CLEAR),NORMAL,99.0,0
276,13.8,3.36,23.34,14.16,3,0.0,MAINTAIN COURSE (PATH CLEAR),NORMAL,99.0,0
277,13.85,3.36,23.34,18.75,3,0.0,MAINTAIN COURSE (PATH CLEAR),NORMAL,99.0,0
278,13.9,3.36,23.34,23.33,3,0.0,MAINTAIN COURSE (PATH CLEAR),NORMAL,99.0,0
279,13.95,3.36,23.34,27.91,3,0.0,MAINTAIN COURSE (PATH CLEAR),NORMAL,99.0,0
280,14.0,3.36,23.34,28.15,3,0.0,MAINTAIN COURSE (PATH CLEAR),NORMAL,99.0,0
281,14.05,3.36,23.34,29.3,3,0.0,MAINTAIN COURSE (PATH CLEAR),NORMAL,99.0,0
282,14.1,3.36,23.34,33.88,3,0.0,MAINTAIN COURSE (PATH CLEAR),NORMAL,99.0,0
283,14.15,3.36,23.34,33.3,3,0.0,MAINTAIN COURSE (PATH CLEAR),NORMAL,99.0,0
284,14.2,3.36,23.34,33.29,3,0.0,MAINTAIN COURSE (PATH CLEAR),NORMAL,99.0,0
285,14.25,3.36,23.34,33.7,3,0.0,MAINTAIN COURSE (PATH CLEAR),NORMAL,99.0,0
286,14.3,3.36,23.34,34.29,3,0.0,MAINTAIN COURSE (PATH CLEAR),NORMAL,99.0,0
287,14.35,3.36,23.34,34.17,3,0.0,MAINTAIN COURSE (PATH CLEAR),NORMAL,99.0,0
288,14.4,3.36,23.34,34.0,3,0.0,MAINTAIN COURSE (PATH CLEAR),NORMAL,99.0,0
289,14.45,3.36,23.34,34.4,3,0.0,MAINTAIN COURSE (PATH CLEAR),NORMAL,99.0,0
290,14.5,3.36,23.34,38.98,3,0.0,MAINTAIN COURSE (PATH CLEAR),NORMAL,99.0,0
291,14.55,3.36,23.34,43.57,3,0.0,MAINTAIN COURSE (PATH CLEAR),NORMAL,99.0,0
292,14.6,3.36,23.34,43.91,3,0.0,MAINTAIN COURSE (PATH CLEAR),NORMAL,99.0,0
293,14.65,3.36,23.34,44.13,3,0.0,MAINTAIN COURSE (PATH CLEAR),NORMAL,99.0,0
294,14.7,3.36,23.34,44.12,3,0.0,MAINTAIN COURSE (PATH CLEAR),NORMAL,99.0,0
295,14.75,3.36,23.34,48.7,3,0.0,MAINTAIN COURSE (PATH CLEAR),NORMAL,99.0,0
296,14.8,3.36,23.34,48.93,3,0.0,MAINTAIN COURSE (PATH CLEAR),NORMAL,99.0,0
297,14.85,3.36,23.34,48.44,3,0.0,MAINTAIN COURSE (PATH CLEAR),NORMAL,99.0,0
298,14.9,3.36,23.34,48.46,3,0.0,MAINTAIN COURSE (PATH CLEAR),NORMAL,99.0,0
299,14.95,3.36,23.34,48.82,3,0.0,MAINTAIN COURSE (PATH CLEAR),NORMAL,99.0,0
300,15.0,3.36,23.34,48.55,3,0.0,MAINTAIN COURSE (PATH CLEAR),NORMAL,99.0,0
301,15.05,3.36,23.34,48.16,3,0.0,MAINTAIN COURSE (PATH CLEAR),NORMAL,99.0,0
302,15.1,3.36,23.34,48.39,3,0.0,MAINTAIN COURSE (PATH CLEAR),NORMAL,99.0,0
303,15.15,3.36,23.34,47.88,3,0.0,MAINTAIN COURSE (PATH CLEAR),NORMAL,99.0,0
304,15.2,3.36,23.34,48.55,3,0.0,MAINTAIN COURSE (PATH CLEAR),NORMAL,99.0,0
305,15.25,3.36,23.34,48.22,3,0.0,MAINTAIN COURSE (PATH CLEAR),NORMAL,99.0,0
306,15.3,3.36,23.34,48.14,3,0.0,MAINTAIN COURSE (PATH CLEAR),NORMAL,99.0,0
307,15.35,3.36,23.34,47.51,3,0.0,MAINTAIN COURSE (PATH CLEAR),NORMAL,99.0,0
308,15.4,3.36,23.34,42.93,3,0.0,MAINTAIN COURSE (PATH CLEAR),NORMAL,99.0,0
309,15.45,3.36,23.34,43.11,3,0.0,MAINTAIN COURSE (PATH CLEAR),NORMAL,99.0,0
310,15.5,3.36,23.34,42.84,3,0.0,MAINTAIN COURSE (PATH CLEAR),NORMAL,99.0,0
311,15.55,3.36,23.34,47.42,3,0.0,MAINTAIN COURSE (PATH CLEAR),NORMAL,99.0,0
312,15.6,3.36,23.34,47.43,3,0.0,MAINTAIN COURSE (PATH CLEAR),NORMAL,99.0,0
313,15.65,3.36,23.34,47.76,3,0.0,MAINTAIN COURSE (PATH CLEAR),NORMAL,99.0,0
314,15.7,3.36,23.34,47.97,3,0.0,MAINTAIN COURSE (PATH CLEAR),NORMAL,99.0,0
315,15.75,3.36,23.34,48.29,3,0.0,MAINTAIN COURSE (PATH CLEAR),NORMAL,99.0,0
316,15.8,3.36,23.34,47.52,3,0.0,MAINTAIN COURSE (PATH CLEAR),NORMAL,99.0,0
317,15.85,3.36,23.34,47.14,3,0.0,MAINTAIN COURSE (PATH CLEAR),NORMAL,99.0,0
318,15.9,3.36,23.34,51.72,3,0.0,MAINTAIN COURSE (PATH CLEAR),NORMAL,99.0,0
319,15.95,3.36,23.34,51.1,3,0.0,MAINTAIN COURSE (PATH CLEAR),NORMAL,99.0,0
320,16.0,3.36,23.34,51.55,3,0.0,MAINTAIN COURSE (PATH CLEAR),NORMAL,99.0,0
321,16.05,3.36,23.34,51.48,3,0.0,MAINTAIN COURSE (PATH CLEAR),NORMAL,99.0,0
322,16.1,3.36,23.34,51.25,3,0.0,MAINTAIN COURSE (PATH CLEAR),NORMAL,99.0,0
323,16.15,3.36,23.34,53.86,3,0.0,MAINTAIN COURSE (PATH CLEAR),NORMAL,99.0,0
324,16.2,3.36,23.34,49.28,3,0.0,MAINTAIN COURSE (PATH CLEAR),NORMAL,99.0,0
325,16.25,3.36,23.34,49.71,3,0.0,MAINTAIN COURSE (PATH CLEAR),NORMAL,99.0,0
326,16.3,3.36,23.34,49.73,3,0.0,MAINTAIN COURSE (PATH CLEAR),NORMAL,99.0,0
327,16.35,3.36,23.34,48.96,3,0.0,MAINTAIN COURSE (PATH CLEAR),NORMAL,99.0,0
328,16.4,3.36,23.34,48.7,3,0.0,MAINTAIN COURSE (PATH CLEAR),NORMAL,99.0,0
329,16.45,3.36,23.34,48.38,3,0.0,MAINTAIN COURSE (PATH CLEAR),NORMAL,99.0,0
330,16.5,3.36,23.34,47.86,3,0.0,MAINTAIN COURSE (PATH CLEAR),NORMAL,99.0,0
331,16.55,3.36,23.34,43.27,3,0.0,MAINTAIN COURSE (PATH CLEAR),NORMAL,99.0,0
332,16.6,3.36,23.34,47.86,3,0.0,MAINTAIN COURSE (PATH CLEAR),NORMAL,99.0,0
333,16.65,3.36,23.34,52.44,3,0.0,MAINTAIN COURSE (PATH CLEAR),NORMAL,99.0,0
334,16.7,3.36,23.34,52.74,3,0.0,MAINTAIN COURSE (PATH CLEAR),NORMAL,99.0,0
335,16.75,3.36,23.34,48.16,3,0.0,MAINTAIN COURSE (PATH CLEAR),NORMAL,99.0,0
336,16.8,3.36,23.34,48.2,3,0.0,MAINTAIN COURSE (PATH CLEAR),NORMAL,99.0,0
337,16.85,3.36,23.34,47.26,3,0.0,MAINTAIN COURSE (PATH CLEAR),NORMAL,99.0,0
338,16.9,3.36,23.34,51.84,3,0.0,MAINTAIN COURSE (PATH CLEAR),NORMAL,99.0,0
339,16.95,3.36,23.34,52.58,3,0.0,MAINTAIN COURSE (PATH CLEAR),NORMAL,99.0,0
340,17.0,3.36,23.34,52.49,3,0.0,MAINTAIN COURSE (PATH CLEAR),NORMAL,99.0,0
341,17.05,3.36,23.34,47.91,3,0.0,MAINTAIN COURSE (PATH CLEAR),NORMAL,99.0,0
342,17.1,3.36,23.34,48.67,3,0.0,MAINTAIN COURSE (PATH CLEAR),NORMAL,99.0,0
343,17.15,3.36,23.34,47.76,3,0.0,MAINTAIN COURSE (PATH CLEAR),NORMAL,99.0,0
344,17.2,3.36,23.34,47.14,3,0.0,MAINTAIN COURSE (PATH CLEAR),NORMAL,99.0,0
345,17.25,3.36,23.34,46.97,3,0.0,MAINTAIN COURSE (PATH CLEAR),NORMAL,99.0,0
346,17.3,3.36,23.34,51.55,3,0.0,MAINTAIN COURSE (PATH CLEAR),NORMAL,99.0,0
347,17.35,3.36,23.34,49.81,3,0.0,MAINTAIN COURSE (PATH CLEAR),NORMAL,99.0,0
348,17.4,3.36,23.34,53.35,3,0.0,MAINTAIN COURSE (PATH CLEAR),NORMAL,99.0,0
349,17.45,3.36,23.34,53.2,3,0.0,MAINTAIN COURSE (PATH CLEAR),NORMAL,99.0,0
350,17.5,3.36,23.34,53.62,3,0.0,MAINTAIN COURSE (PATH CLEAR),NORMAL,99.0,0
351,17.55,3.36,23.34,49.03,3,0.0,MAINTAIN COURSE (PATH CLEAR),NORMAL,99.0,0
352,17.6,3.36,23.34,45.8,3,0.0,MAINTAIN COURSE (PATH CLEAR),NORMAL,99.0,0
353,17.65,3.36,23.34,46.26,3,0.0,MAINTAIN COURSE (PATH CLEAR),NORMAL,99.0,0
354,17.7,3.36,23.34,46.28,3,0.0,MAINTAIN COURSE (PATH CLEAR),NORMAL,99.0,0
355,17.75,3.36,23.34,41.7,3,0.0,MAINTAIN COURSE (PATH CLEAR),NORMAL,99.0,0
356,17.8,3.36,23.34,41.62,3,0.0,MAINTAIN COURSE (PATH CLEAR),NORMAL,99.0,0
357,17.85,3.36,23.34,40.77,3,0.0,MAINTAIN COURSE (PATH CLEAR),NORMAL,99.0,0
358,17.9,3.36,23.34,38.29,3,0.0,MAINTAIN COURSE (PATH CLEAR),NORMAL,99.0,0
359,17.95,3.36,23.34,38.54,3,0.0,MAINTAIN COURSE (PATH CLEAR),NORMAL,99.0,0
360,18.0,3.36,23.34,33.96,3,0.0,MAINTAIN COURSE (PATH CLEAR),NORMAL,99.0,0
361,18.05,3.36,23.34,34.29,3,0.0,MAINTAIN COURSE (PATH CLEAR),NORMAL,99.0,0
362,18.1,3.36,23.34,34.36,3,0.0,MAINTAIN COURSE (PATH CLEAR),NORMAL,99.0,0
363,18.15,3.36,23.34,34.52,3,0.0,MAINTAIN COURSE (PATH CLEAR),NORMAL,99.0,0
364,18.2,3.36,23.34,34.3,3,0.0,MAINTAIN COURSE (PATH CLEAR),NORMAL,99.0,0
365,18.25,3.36,23.34,34.79,3,0.0,MAINTAIN COURSE (PATH CLEAR),NORMAL,99.0,0
366,18.3,3.36,23.34,34.98,3,0.0,MAINTAIN COURSE (PATH CLEAR),NORMAL,99.0,0
367,18.35,3.36,23.34,33.82,3,0.0,MAINTAIN COURSE (PATH CLEAR),NORMAL,99.0,0
368,18.4,3.36,23.34,32.72,3,0.0,MAINTAIN COURSE (PATH CLEAR),NORMAL,99.0,0
369,18.45,3.36,23.34,34.41,3,0.0,MAINTAIN COURSE (PATH CLEAR),NORMAL,99.0,0
370,18.5,3.36,23.34,34.5,3,0.0,MAINTAIN COURSE (PATH CLEAR),NORMAL,99.0,0
371,18.55,3.36,23.34,34.73,3,0.0,MAINTAIN COURSE (PATH CLEAR),NORMAL,99.0,0
372,18.6,3.36,23.34,35.09,3,0.0,MAINTAIN COURSE (PATH CLEAR),NORMAL,99.0,0
373,18.65,3.36,23.34,34.28,3,0.0,MAINTAIN COURSE (PATH CLEAR),NORMAL,99.0,0
374,18.7,3.36,23.34,35.65,3,0.0,MAINTAIN COURSE (PATH CLEAR),NORMAL,99.0,0
375,18.75,3.36,23.34,35.45,3,0.0,MAINTAIN COURSE (PATH CLEAR),NORMAL,99.0,0
376,18.8,3.36,23.34,30.87,3,0.0,MAINTAIN COURSE (PATH CLEAR),NORMAL,99.0,0
377,18.85,3.36,23.34,26.29,3,0.0,MAINTAIN COURSE (PATH CLEAR),NORMAL,99.0,0
378,18.9,3.36,23.34,26.89,3,0.0,MAINTAIN COURSE (PATH CLEAR),NORMAL,99.0,0
379,18.95,3.36,23.34,22.31,3,0.0,MAINTAIN COURSE (PATH CLEAR),NORMAL,99.0,0
380,19.0,3.36,23.34,21.62,3,0.0,MAINTAIN COURSE (PATH CLEAR),NORMAL,99.0,0
381,19.05,3.36,23.34,21.95,3,0.0,MAINTAIN COURSE (PATH CLEAR),NORMAL,99.0,0
382,19.1,3.36,23.34,22.02,3,0.0,MAINTAIN COURSE (PATH CLEAR),NORMAL,99.0,0
383,19.15,3.36,23.34,22.06,3,0.0,MAINTAIN COURSE (PATH CLEAR),NORMAL,99.0,0
384,19.2,3.36,23.34,22.09,3,0.0,MAINTAIN COURSE (PATH CLEAR),NORMAL,99.0,0
385,19.25,3.36,23.34,22.02,3,0.0,MAINTAIN COURSE (PATH CLEAR),NORMAL,99.0,0
386,19.3,3.36,23.34,19.73,3,0.0,MAINTAIN COURSE (PATH CLEAR),NORMAL,99.0,0
387,19.35,3.36,23.34,19.81,3,0.0,MAINTAIN COURSE (PATH CLEAR),NORMAL,99.0,0
388,19.4,3.36,23.34,15.22,3,0.0,MAINTAIN COURSE (PATH CLEAR),NORMAL,99.0,0
389,19.45,3.36,23.34,15.68,3,0.0,MAINTAIN COURSE (PATH CLEAR),NORMAL,99.0,0
390,19.5,3.36,23.34,16.3,3,0.0,MAINTAIN COURSE (PATH CLEAR),NORMAL,99.0,0
391,19.55,3.36,23.34,16.04,3,0.0,MAINTAIN COURSE (PATH CLEAR),NORMAL,99.0,0
392,19.6,3.36,23.34,11.45,3,0.0,MAINTAIN COURSE (PATH CLEAR),NORMAL,99.0,0
393,19.65,3.36,23.34,11.72,3,0.0,MAINTAIN COURSE (PATH CLEAR),NORMAL,99.0,0
394,19.7,3.36,23.34,12.41,3,0.0,MAINTAIN COURSE (PATH CLEAR),NORMAL,99.0,0
395,19.75,3.36,23.34,12.89,3,0.0,MAINTAIN COURSE (PATH CLEAR),NORMAL,99.0,0
396,19.8,3.36,23.34,12.72,3,0.0,MAINTAIN COURSE (PATH CLEAR),NORMAL,99.0,0
397,19.85,3.36,23.34,12.99,3,0.0,MAINTAIN COURSE (PATH CLEAR),NORMAL,99.0,0
398,19.9,3.36,23.34,14.77,3,0.0,MAINTAIN COURSE (PATH CLEAR),NORMAL,99.0,0
399,19.95,3.36,23.34,14.92,3,0.0,MAINTAIN COURSE (PATH CLEAR),NORMAL,99.0,0
400,20.0,3.36,23.34,14.51,3,0.0,MAINTAIN COURSE (PATH CLEAR),NORMAL,99.0,0
401,20.05,3.36,23.34,9.93,3,0.0,MAINTAIN COURSE (PATH CLEAR),NORMAL,99.0,0
402,20.1,3.36,23.34,5.34,3,0.0,MAINTAIN COURSE (PATH CLEAR),NORMAL,99.0,0
403,20.15,3.36,23.34,0.76,3,0.0,MAINTAIN COURSE (PATH CLEAR),NORMAL,99.0,0
404,20.2,3.36,23.34,-1.52,3,0.0,MAINTAIN COURSE (PATH CLEAR),NORMAL,99.0,0
405,20.25,3.36,23.34,-1.24,3,0.0,MAINTAIN COURSE (PATH CLEAR),NORMAL,99.0,0
406,20.3,3.36,23.34,-0.94,3,0.0,MAINTAIN COURSE (PATH CLEAR),NORMAL,99.0,0
407,20.35,3.36,23.34,-5.52,3,0.0,MAINTAIN COURSE (PATH CLEAR),NORMAL,99.0,0
408,20.4,3.36,23.34,-5.4,3,0.0,MAINTAIN COURSE (PATH CLEAR),NORMAL,99.0,0
409,20.45,3.36,23.34,-4.67,3,0.0,MAINTAIN COURSE (PATH CLEAR),NORMAL,99.0,0
410,20.5,3.36,23.34,-4.38,3,0.0,MAINTAIN COURSE (PATH CLEAR),NORMAL,99.0,0
411,20.55,3.36,23.34,-4.71,3,0.0,MAINTAIN COURSE (PATH CLEAR),NORMAL,99.0,0
412,20.6,3.36,23.34,-4.89,3,0.0,MAINTAIN COURSE (PATH CLEAR),NORMAL,99.0,0
413,20.65,3.36,23.34,-4.52,3,0.0,MAINTAIN COURSE (PATH CLEAR),NORMAL,99.0,0
414,20.7,3.36,23.34,0.06,3,0.0,MAINTAIN COURSE (PATH CLEAR),NORMAL,99.0,0
415,20.75,3.36,23.34,-0.05,3,0.0,MAINTAIN COURSE (PATH CLEAR),NORMAL,99.0,0
416,20.8,3.36,23.34,0.43,3,0.0,MAINTAIN COURSE (PATH CLEAR),NORMAL,99.0,0
417,20.85,3.36,23.34,0.25,3,0.0,MAINTAIN COURSE (PATH CLEAR),NORMAL,99.0,0
418,20.9,3.36,23.34,1.63,3,0.0,MAINTAIN COURSE (PATH CLEAR),NORMAL,99.0,0
419,20.95,3.36,23.34,1.05,3,0.0,MAINTAIN COURSE (PATH CLEAR),NORMAL,99.0,0
420,21.0,3.36,23.34,-3.53,3,0.0,MAINTAIN COURSE (PATH CLEAR),NORMAL,99.0,0
421,21.05,3.36,23.34,-3.34,3,0.0,MAINTAIN COURSE (PATH CLEAR),NORMAL,99.0,0
422,21.1,3.36,23.34,-3.53,3,0.0,MAINTAIN COURSE (PATH CLEAR),NORMAL,99.0,0
423,21.15,3.36,23.34,-2.94,3,0.0,MAINTAIN COURSE (PATH CLEAR),NORMAL,99.0,0
424,21.2,3.36,23.34,-7.52,3,0.0,MAINTAIN COURSE (PATH CLEAR),NORMAL,99.0,0
425,21.25,3.36,23.34,-7.48,3,0.0,MAINTAIN COURSE (PATH CLEAR),NORMAL,99.0,0
426,21.3,3.36,23.34,-7.69,3,0.0,MAINTAIN COURSE (PATH CLEAR),NORMAL,99.0,0
427,21.35,3.36,23.34,-7.74,3,0.0,MAINTAIN COURSE (PATH CLEAR),NORMAL,99.0,0
428,21.4,3.36,23.34,-7.78,3,0.0,MAINTAIN COURSE (PATH CLEAR),NORMAL,99.0,0
429,21.45,3.36,23.34,-8.0,3,0.0,MAINTAIN COURSE (PATH CLEAR),NORMAL,99.0,0
430,21.5,3.36,23.34,-7.9,3,0.0,MAINTAIN COURSE (PATH CLEAR),NORMAL,99.0,0
431,21.55,3.36,23.34,-3.31,3,0.0,MAINTAIN COURSE (PATH CLEAR),NORMAL,99.0,0
432,21.6,3.36,23.34,-7.9,3,0.0,MAINTAIN COURSE (PATH CLEAR),NORMAL,99.0,0
433,21.65,3.36,23.34,-8.87,3,0.0,MAINTAIN COURSE (PATH CLEAR),NORMAL,99.0,0
434,21.7,3.36,23.34,-8.77,3,0.0,MAINTAIN COURSE (PATH CLEAR),NORMAL,99.0,0
435,21.75,3.36,23.34,-9.03,3,0.0,MAINTAIN COURSE (PATH CLEAR),NORMAL,99.0,0
436,21.8,3.36,23.34,-13.61,3,0.0,MAINTAIN COURSE (PATH CLEAR),NORMAL,99.0,0
437,21.85,3.36,23.34,-13.62,3,0.0,MAINTAIN COURSE (PATH CLEAR),NORMAL,99.0,0
438,21.9,3.36,23.34,-12.57,3,0.0,MAINTAIN COURSE (PATH CLEAR),NORMAL,99.0,0
439,21.95,3.36,23.34,-12.63,3,0.0,MAINTAIN COURSE (PATH CLEAR),NORMAL,99.0,0
440,22.0,3.36,23.34,-12.21,3,0.0,MAINTAIN COURSE (PATH CLEAR),NORMAL,99.0,0
441,22.05,3.36,23.34,-13.39,3,0.0,MAINTAIN COURSE (PATH CLEAR),NORMAL,99.0,0
442,22.1,3.36,23.34,-12.92,3,0.0,MAINTAIN COURSE (PATH CLEAR),NORMAL,99.0,0
443,22.15,3.36,23.34,-12.6,3,0.0,MAINTAIN COURSE (PATH CLEAR),NORMAL,99.0,0
444,22.2,3.36,23.34,-12.69,3,0.0,MAINTAIN COURSE (PATH CLEAR),NORMAL,99.0,0
445,22.25,3.36,23.34,-12.34,3,0.0,MAINTAIN COURSE (PATH CLEAR),NORMAL,99.0,0
446,22.3,3.36,23.34,-16.93,3,0.0,MAINTAIN COURSE (PATH CLEAR),NORMAL,99.0,0
447,22.35,3.36,23.34,-21.51,3,0.0,MAINTAIN COURSE (PATH CLEAR),NORMAL,99.0,0
448,22.4,3.36,23.34,-21.61,3,0.0,MAINTAIN COURSE (PATH CLEAR),NORMAL,99.0,0
449,22.45,3.36,23.34,-21.61,3,0.0,MAINTAIN COURSE (PATH CLEAR),NORMAL,99.0,0
450,22.5,3.36,23.34,-21.99,3,0.0,MAINTAIN COURSE (PATH CLEAR),NORMAL,99.0,0
451,22.55,3.36,23.34,-17.41,3,0.0,MAINTAIN COURSE (PATH CLEAR),NORMAL,99.0,0
452,22.6,3.36,23.34,-17.26,3,0.0,MAINTAIN COURSE (PATH CLEAR),NORMAL,99.0,0
453,22.65,3.36,23.34,-21.85,3,0.0,MAINTAIN COURSE (PATH CLEAR),NORMAL,99.0,0
454,22.7,3.36,23.34,-21.79,3,0.0,MAINTAIN COURSE (PATH CLEAR),NORMAL,99.0,0
455,22.75,3.36,23.34,-21.58,3,0.0,MAINTAIN COURSE (PATH CLEAR),NORMAL,99.0,0
456,22.8,3.36,23.34,-21.4,3,0.0,MAINTAIN COURSE (PATH CLEAR),NORMAL,99.0,0
457,22.85,3.36,23.34,-21.06,3,0.0,MAINTAIN COURSE (PATH CLEAR),NORMAL,99.0,0
458,22.9,3.36,23.34,-21.31,3,0.0,MAINTAIN COURSE (PATH CLEAR),NORMAL,99.0,0
459,22.95,3.36,23.34,-20.51,3,0.0,MAINTAIN COURSE (PATH CLEAR),NORMAL,99.0,0
460,23.0,3.36,23.34,-19.73,3,0.0,MAINTAIN COURSE (PATH CLEAR),NORMAL,99.0,0
461,23.05,3.36,23.34,-20.93,3,0.0,MAINTAIN COURSE (PATH CLEAR),NORMAL,99.0,0
462,23.1,3.36,23.34,-20.87,3,0.0,MAINTAIN COURSE (PATH CLEAR),NORMAL,99.0,0
463,23.15,3.36,23.34,-22.1,3,0.0,MAINTAIN COURSE (PATH CLEAR),NORMAL,99.0,0
464,23.2,3.36,23.34,-17.52,3,0.0,MAINTAIN COURSE (PATH CLEAR),NORMAL,99.0,0
465,23.25,3.36,23.34,-16.46,3,0.0,MAINTAIN COURSE (PATH CLEAR),NORMAL,99.0,0
466,23.3,3.36,23.34,-14.41,3,0.0,MAINTAIN COURSE (PATH CLEAR),NORMAL,99.0,0
467,23.35,3.36,23.34,-15.75,3,0.0,MAINTAIN COURSE (PATH CLEAR),NORMAL,99.0,0
468,23.4,3.36,23.34,-14.92,3,0.0,MAINTAIN COURSE (PATH CLEAR),NORMAL,99.0,0
469,23.45,3.36,23.34,-19.51,3,0.0,MAINTAIN COURSE (PATH CLEAR),NORMAL,99.0,0
470,23.5,3.36,23.34,-14.92,3,0.0,MAINTAIN COURSE (PATH CLEAR),NORMAL,99.0,0
471,23.55,3.36,23.34,-15.3,3,0.0,MAINTAIN COURSE (PATH CLEAR),NORMAL,99.0,0
472,23.6,3.36,23.34,-17.22,3,0.0,MAINTAIN COURSE (PATH CLEAR),NORMAL,99.0,0
473,23.65,3.36,23.34,-17.89,3,0.0,MAINTAIN COURSE (PATH CLEAR),NORMAL,99.0,0
474,23.7,3.36,23.34,-17.83,3,0.0,MAINTAIN COURSE (PATH CLEAR),NORMAL,99.0,0
475,23.75,3.36,23.34,-17.28,3,0.0,MAINTAIN COURSE (PATH CLEAR),NORMAL,99.0,0
476,23.8,3.36,23.34,-17.69,3,0.0,MAINTAIN COURSE (PATH CLEAR),NORMAL,99.0,0
477,23.85,3.36,23.34,-13.1,3,0.0,MAINTAIN COURSE (PATH CLEAR),NORMAL,99.0,0
478,23.9,3.36,23.34,-17.69,3,0.0,MAINTAIN COURSE (PATH CLEAR),NORMAL,99.0,0
479,23.95,3.36,23.34,-22.21,3,0.0,MAINTAIN COURSE (PATH CLEAR),NORMAL,99.0,0
480,24.0,3.36,23.34,-21.81,3,0.0,MAINTAIN COURSE (PATH CLEAR),NORMAL,99.0,0
481,24.05,3.36,23.34,-22.18,3,0.0,MAINTAIN COURSE (PATH CLEAR),NORMAL,99.0,0
482,24.1,3.36,23.34,-17.6,3,0.0,MAINTAIN COURSE (PATH CLEAR),NORMAL,99.0,0
483,24.15,3.36,23.34,-22.18,3,0.0,MAINTAIN COURSE (PATH CLEAR),NORMAL,99.0,0
484,24.2,3.36,23.34,-22.27,3,0.0,MAINTAIN COURSE (PATH CLEAR),NORMAL,99.0,0
485,24.25,3.36,23.34,-21.4,3,0.0,MAINTAIN COURSE (PATH CLEAR),NORMAL,99.0,0
486,24.3,3.36,23.34,-21.78,3,0.0,MAINTAIN COURSE (PATH CLEAR),NORMAL,99.0,0
487,24.35,3.36,23.34,-21.49,3,0.0,MAINTAIN COURSE (PATH CLEAR),NORMAL,99.0,0
488,24.4,3.36,23.34,-21.59,3,0.0,MAINTAIN COURSE (PATH CLEAR),NORMAL,99.0,0
489,24.45,3.36,23.34,-18.07,3,0.0,MAINTAIN COURSE (PATH CLEAR),NORMAL,99.0,0
490,24.5,3.36,23.34,-18.36,3,0.0,MAINTAIN COURSE (PATH CLEAR),NORMAL,99.0,0
